"","island","item","wh","gap","region","model","surprisal"
"1","nocomp",1,"that","gap","continuation","GPT2",17.0701560974121
"2","nocomp",1,"that","gap","continuation","GPT3",15.6154959
"3","nocomp",1,"that","gap","continuation","GRNN",17.4990422725677
"4","nocomp",1,"that","gap","continuation","JRNN",21.8320771455765
"5","nocomp",1,"that","gap","continuation","LLAMA",23.185185788135
"6","nocomp",1,"that","gap","continuation","NGRAM",22.600217215466
"7","nocomp",1,"that","nogap","embed_obj","GPT2",9.02002382278443
"8","nocomp",1,"that","nogap","embed_obj","GPT3",9.3444827
"9","nocomp",1,"that","nogap","embed_obj","GRNN",13.6728901863099
"10","nocomp",1,"that","nogap","embed_obj","JRNN",12.019455909729
"11","nocomp",1,"that","nogap","embed_obj","LLAMA",10.9187779170849
"12","nocomp",1,"that","nogap","embed_obj","NGRAM",18.5388462775973
"13","nocomp",1,"what","gap","continuation","GPT2",17.4627070426941
"14","nocomp",1,"what","gap","continuation","GPT3",8.7969495
"15","nocomp",1,"what","gap","continuation","GRNN",13.5855106115341
"16","nocomp",1,"what","gap","continuation","JRNN",17.5355310440064
"17","nocomp",1,"what","gap","continuation","LLAMA",16.1352005482539
"18","nocomp",1,"what","gap","continuation","NGRAM",22.600217215466
"19","nocomp",1,"what","nogap","embed_obj","GPT2",9.39808177947998
"20","nocomp",1,"what","nogap","embed_obj","GPT3",10.4903693
"21","nocomp",1,"what","nogap","embed_obj","GRNN",16.5888748168945
"22","nocomp",1,"what","nogap","embed_obj","JRNN",17.8758354187011
"23","nocomp",1,"what","nogap","embed_obj","LLAMA",11.5927444362471
"24","nocomp",1,"what","nogap","embed_obj","NGRAM",18.5388462775973
"25","nocomp",2,"that","gap","continuation","GPT2",8.82132363319397
"26","nocomp",2,"that","gap","continuation","GPT3",9.160054
"27","nocomp",2,"that","gap","continuation","GRNN",19.2886900901795
"28","nocomp",2,"that","gap","continuation","JRNN",16.5943720340729
"29","nocomp",2,"that","gap","continuation","LLAMA",13.9784908532376
"30","nocomp",2,"that","gap","continuation","NGRAM",21.9360844076767
"31","nocomp",2,"that","nogap","embed_obj","GPT2",8.68144059181213
"32","nocomp",2,"that","nogap","embed_obj","GPT3",8.388417
"33","nocomp",2,"that","nogap","embed_obj","GRNN",11.8464658260345
"34","nocomp",2,"that","nogap","embed_obj","JRNN",13.3151702880859
"35","nocomp",2,"that","nogap","embed_obj","LLAMA",7.73214912289807
"36","nocomp",2,"that","nogap","embed_obj","NGRAM",19.4579150216291
"37","nocomp",2,"what","gap","continuation","GPT2",8.75572198629379
"38","nocomp",2,"what","gap","continuation","GPT3",7.38301474
"39","nocomp",2,"what","gap","continuation","GRNN",15.9049106836319
"40","nocomp",2,"what","gap","continuation","JRNN",13.213631272316
"41","nocomp",2,"what","gap","continuation","LLAMA",11.2189217426032
"42","nocomp",2,"what","gap","continuation","NGRAM",21.9360844076767
"43","nocomp",2,"what","nogap","embed_obj","GPT2",13.1533150672913
"44","nocomp",2,"what","nogap","embed_obj","GPT3",10.92647
"45","nocomp",2,"what","nogap","embed_obj","GRNN",12.6376495361328
"46","nocomp",2,"what","nogap","embed_obj","JRNN",19.9614276885986
"47","nocomp",2,"what","nogap","embed_obj","LLAMA",12.8901479676643
"48","nocomp",2,"what","nogap","embed_obj","NGRAM",19.4579150216291
"49","nocomp",3,"that","gap","continuation","GPT2",15.1462759971619
"50","nocomp",3,"that","gap","continuation","GPT3",13.7627836
"51","nocomp",3,"that","gap","continuation","GRNN",20.2550983428955
"52","nocomp",3,"that","gap","continuation","JRNN",19.2543466091156
"53","nocomp",3,"that","gap","continuation","LLAMA",22.7507131885483
"54","nocomp",3,"that","gap","continuation","NGRAM",21.6078534479552
"55","nocomp",3,"that","nogap","embed_obj","GPT2",4.83745908737183
"56","nocomp",3,"that","nogap","embed_obj","GPT3",5.6502995
"57","nocomp",3,"that","nogap","embed_obj","GRNN",7.09550523757934
"58","nocomp",3,"that","nogap","embed_obj","JRNN",10.7370829582214
"59","nocomp",3,"that","nogap","embed_obj","LLAMA",7.37913604423015
"60","nocomp",3,"that","nogap","embed_obj","NGRAM",17.6068127481112
"61","nocomp",3,"what","gap","continuation","GPT2",16.0189309120178
"62","nocomp",3,"what","gap","continuation","GPT3",13.6459513
"63","nocomp",3,"what","gap","continuation","GRNN",18.6318120956421
"64","nocomp",3,"what","gap","continuation","JRNN",21.4410290718079
"65","nocomp",3,"what","gap","continuation","LLAMA",18.4277751717457
"66","nocomp",3,"what","gap","continuation","NGRAM",21.6078534479552
"67","nocomp",3,"what","nogap","embed_obj","GPT2",9.1088318824768
"68","nocomp",3,"what","nogap","embed_obj","GPT3",8.618109
"69","nocomp",3,"what","nogap","embed_obj","GRNN",14.5762133598328
"70","nocomp",3,"what","nogap","embed_obj","JRNN",20.6115446090698
"71","nocomp",3,"what","nogap","embed_obj","LLAMA",13.7923543468573
"72","nocomp",3,"what","nogap","embed_obj","NGRAM",17.6068127481112
"73","nocomp",4,"that","gap","continuation","GPT2",13.8239508271217
"74","nocomp",4,"that","gap","continuation","GPT3",11.2494793
"75","nocomp",4,"that","gap","continuation","GRNN",17.619645357132
"76","nocomp",4,"that","gap","continuation","JRNN",21.1243243217468
"77","nocomp",4,"that","gap","continuation","LLAMA",15.9087301397511
"78","nocomp",4,"that","gap","continuation","NGRAM",26.3921275477724
"79","nocomp",4,"that","nogap","embed_obj","GPT2",14.795991897583
"80","nocomp",4,"that","nogap","embed_obj","GPT3",12.1564055
"81","nocomp",4,"that","nogap","embed_obj","GRNN",24.7762985229492
"82","nocomp",4,"that","nogap","embed_obj","JRNN",20.5703806877136
"83","nocomp",4,"that","nogap","embed_obj","LLAMA",16.5845061479797
"84","nocomp",4,"that","nogap","embed_obj","NGRAM",32.1967802397864
"85","nocomp",4,"what","gap","continuation","GPT2",11.8962770700455
"86","nocomp",4,"what","gap","continuation","GPT3",11.8640639
"87","nocomp",4,"what","gap","continuation","GRNN",15.9018089175224
"88","nocomp",4,"what","gap","continuation","JRNN",17.7799184322357
"89","nocomp",4,"what","gap","continuation","LLAMA",14.1691947480891
"90","nocomp",4,"what","gap","continuation","NGRAM",26.3921275477724
"91","nocomp",4,"what","nogap","embed_obj","GPT2",15.9885153770447
"92","nocomp",4,"what","nogap","embed_obj","GPT3",13.2021637
"93","nocomp",4,"what","nogap","embed_obj","GRNN",28.6573944091797
"94","nocomp",4,"what","nogap","embed_obj","JRNN",25.0171484947205
"95","nocomp",4,"what","nogap","embed_obj","LLAMA",18.5848909262281
"96","nocomp",4,"what","nogap","embed_obj","NGRAM",32.1967802397864
"97","nocomp",5,"that","gap","continuation","GPT2",9.80761837959289
"98","nocomp",5,"that","gap","continuation","GPT3",10.82033514
"99","nocomp",5,"that","gap","continuation","GRNN",19.6071124076843
"100","nocomp",5,"that","gap","continuation","JRNN",13.5820555686951
"101","nocomp",5,"that","gap","continuation","LLAMA",13.9815192148572
"102","nocomp",5,"that","gap","continuation","NGRAM",11.9407070198695
"103","nocomp",5,"that","nogap","embed_obj","GPT2",20.9051768779754
"104","nocomp",5,"that","nogap","embed_obj","GPT3",11.4032242
"105","nocomp",5,"that","nogap","embed_obj","GRNN",23.6674591302871
"106","nocomp",5,"that","nogap","embed_obj","JRNN",26.8585367202758
"107","nocomp",5,"that","nogap","embed_obj","LLAMA",13.9764848833422
"108","nocomp",5,"that","nogap","embed_obj","NGRAM",33.9137721546348
"109","nocomp",5,"what","gap","continuation","GPT2",8.32662630081176
"110","nocomp",5,"what","gap","continuation","GPT3",9.8313535
"111","nocomp",5,"what","gap","continuation","GRNN",19.1386804580688
"112","nocomp",5,"what","gap","continuation","JRNN",12.3291342258453
"113","nocomp",5,"what","gap","continuation","LLAMA",12.5476001162356
"114","nocomp",5,"what","gap","continuation","NGRAM",11.9407070198695
"115","nocomp",5,"what","nogap","embed_obj","GPT2",22.9440490007401
"116","nocomp",5,"what","nogap","embed_obj","GPT3",12.025021
"117","nocomp",5,"what","nogap","embed_obj","GRNN",32.6962149143219
"118","nocomp",5,"what","nogap","embed_obj","JRNN",30.6480443477631
"119","nocomp",5,"what","nogap","embed_obj","LLAMA",16.144812044416
"120","nocomp",5,"what","nogap","embed_obj","NGRAM",33.9137721546348
"121","nocomp",6,"that","gap","continuation","GPT2",24.2122214511037
"122","nocomp",6,"that","gap","continuation","GPT3",18.705034126
"123","nocomp",6,"that","gap","continuation","GRNN",37.7838822007179
"124","nocomp",6,"that","gap","continuation","JRNN",36.2922950014473
"125","nocomp",6,"that","gap","continuation","LLAMA",26.8078814689596
"126","nocomp",6,"that","gap","continuation","NGRAM",38.8851458881104
"127","nocomp",6,"that","nogap","embed_obj","GPT2",9.264319896698
"128","nocomp",6,"that","nogap","embed_obj","GPT3",6.7254523
"129","nocomp",6,"that","nogap","embed_obj","GRNN",11.4430377483368
"130","nocomp",6,"that","nogap","embed_obj","JRNN",7.4944885969162
"131","nocomp",6,"that","nogap","embed_obj","LLAMA",11.1194515216606
"132","nocomp",6,"that","nogap","embed_obj","NGRAM",16.3854099597481
"133","nocomp",6,"what","gap","continuation","GPT2",22.269971543923
"134","nocomp",6,"what","gap","continuation","GPT3",18.712379205
"135","nocomp",6,"what","gap","continuation","GRNN",34.8158986568451
"136","nocomp",6,"what","gap","continuation","JRNN",31.4282817654312
"137","nocomp",6,"what","gap","continuation","LLAMA",27.0239917945126
"138","nocomp",6,"what","gap","continuation","NGRAM",38.8851458881104
"139","nocomp",6,"what","nogap","embed_obj","GPT2",11.8168120384216
"140","nocomp",6,"what","nogap","embed_obj","GPT3",7.6430527
"141","nocomp",6,"what","nogap","embed_obj","GRNN",17.2600708007812
"142","nocomp",6,"what","nogap","embed_obj","JRNN",16.4949765205383
"143","nocomp",6,"what","nogap","embed_obj","LLAMA",13.7860958704968
"144","nocomp",6,"what","nogap","embed_obj","NGRAM",16.3854099597481
"145","nocomp",7,"that","gap","continuation","GPT2",10.4297302365303
"146","nocomp",7,"that","gap","continuation","GPT3",8.9248369
"147","nocomp",7,"that","gap","continuation","GRNN",14.1922628879547
"148","nocomp",7,"that","gap","continuation","JRNN",16.1567962765694
"149","nocomp",7,"that","gap","continuation","LLAMA",14.3115517364156
"150","nocomp",7,"that","gap","continuation","NGRAM",24.3306125544641
"151","nocomp",7,"that","nogap","embed_obj","GPT2",6.24901986122131
"152","nocomp",7,"that","nogap","embed_obj","GPT3",3.3008211
"153","nocomp",7,"that","nogap","embed_obj","GRNN",10.9999668598175
"154","nocomp",7,"that","nogap","embed_obj","JRNN",5.16273379325867
"155","nocomp",7,"that","nogap","embed_obj","LLAMA",5.09062913778504
"156","nocomp",7,"that","nogap","embed_obj","NGRAM",20.7212745741992
"157","nocomp",7,"what","gap","continuation","GPT2",8.87435060739517
"158","nocomp",7,"what","gap","continuation","GPT3",5.7177648
"159","nocomp",7,"what","gap","continuation","GRNN",11.4782248735428
"160","nocomp",7,"what","gap","continuation","JRNN",12.6335645914078
"161","nocomp",7,"what","gap","continuation","LLAMA",7.58146438945145
"162","nocomp",7,"what","gap","continuation","NGRAM",24.3306125544641
"163","nocomp",7,"what","nogap","embed_obj","GPT2",10.5331711769104
"164","nocomp",7,"what","nogap","embed_obj","GPT3",5.1226879
"165","nocomp",7,"what","nogap","embed_obj","GRNN",14.3772411346436
"166","nocomp",7,"what","nogap","embed_obj","JRNN",12.4403595924377
"167","nocomp",7,"what","nogap","embed_obj","LLAMA",9.99134871545441
"168","nocomp",7,"what","nogap","embed_obj","NGRAM",20.7212745741992
"169","nocomp",8,"that","gap","continuation","GPT2",11.9248032569885
"170","nocomp",8,"that","gap","continuation","GPT3",9.8995147
"171","nocomp",8,"that","gap","continuation","GRNN",20.5575389862061
"172","nocomp",8,"that","gap","continuation","JRNN",19.021466255188
"173","nocomp",8,"that","gap","continuation","LLAMA",13.4825567197425
"174","nocomp",8,"that","gap","continuation","NGRAM",20.8904978145421
"175","nocomp",8,"that","nogap","embed_obj","GPT2",14.370213508606
"176","nocomp",8,"that","nogap","embed_obj","GPT3",14.3109937
"177","nocomp",8,"that","nogap","embed_obj","GRNN",21.4805221557617
"178","nocomp",8,"that","nogap","embed_obj","JRNN",20.1313147544861
"179","nocomp",8,"that","nogap","embed_obj","LLAMA",19.7686811172381
"180","nocomp",8,"that","nogap","embed_obj","NGRAM",27.130914351985
"181","nocomp",8,"what","gap","continuation","GPT2",10.8519344329834
"182","nocomp",8,"what","gap","continuation","GPT3",6.7950814
"183","nocomp",8,"what","gap","continuation","GRNN",22.7416076660156
"184","nocomp",8,"what","gap","continuation","JRNN",17.3697099685669
"185","nocomp",8,"what","gap","continuation","LLAMA",7.97873997873003
"186","nocomp",8,"what","gap","continuation","NGRAM",20.8904978145421
"187","nocomp",8,"what","nogap","embed_obj","GPT2",19.3634557723998
"188","nocomp",8,"what","nogap","embed_obj","GPT3",15.4243636
"189","nocomp",8,"what","nogap","embed_obj","GRNN",26.5863103866577
"190","nocomp",8,"what","nogap","embed_obj","JRNN",25.7706394195557
"191","nocomp",8,"what","nogap","embed_obj","LLAMA",22.8306455457964
"192","nocomp",8,"what","nogap","embed_obj","NGRAM",27.130914351985
"193","nocomp",9,"that","gap","continuation","GPT2",10.9632635116577
"194","nocomp",9,"that","gap","continuation","GPT3",12.014827
"195","nocomp",9,"that","gap","continuation","GRNN",26.3133716583252
"196","nocomp",9,"that","gap","continuation","JRNN",14.854029417038
"197","nocomp",9,"that","gap","continuation","LLAMA",17.9172613676639
"198","nocomp",9,"that","gap","continuation","NGRAM",12.2327126769303
"199","nocomp",9,"that","nogap","embed_obj","GPT2",8.81291019916535
"200","nocomp",9,"that","nogap","embed_obj","GPT3",7.0604764
"201","nocomp",9,"that","nogap","embed_obj","GRNN",16.4212861061096
"202","nocomp",9,"that","nogap","embed_obj","JRNN",16.1195042133331
"203","nocomp",9,"that","nogap","embed_obj","LLAMA",7.87742067076662
"204","nocomp",9,"that","nogap","embed_obj","NGRAM",28.2374334468622
"205","nocomp",9,"what","gap","continuation","GPT2",7.91857171058655
"206","nocomp",9,"what","gap","continuation","GPT3",9.8809558
"207","nocomp",9,"what","gap","continuation","GRNN",22.5965809822083
"208","nocomp",9,"what","gap","continuation","JRNN",13.260204076767
"209","nocomp",9,"what","gap","continuation","LLAMA",15.3642530861841
"210","nocomp",9,"what","gap","continuation","NGRAM",12.2327126769303
"211","nocomp",9,"what","nogap","embed_obj","GPT2",11.1760559082031
"212","nocomp",9,"what","nogap","embed_obj","GPT3",7.0503673
"213","nocomp",9,"what","nogap","embed_obj","GRNN",19.2446341514587
"214","nocomp",9,"what","nogap","embed_obj","JRNN",23.5120830535889
"215","nocomp",9,"what","nogap","embed_obj","LLAMA",8.09850520823812
"216","nocomp",9,"what","nogap","embed_obj","NGRAM",28.2374334468622
"217","nocomp",10,"that","gap","continuation","GPT2",11.2899400740862
"218","nocomp",10,"that","gap","continuation","GPT3",10.36012667
"219","nocomp",10,"that","gap","continuation","GRNN",22.6612743139267
"220","nocomp",10,"that","gap","continuation","JRNN",20.0338388681412
"221","nocomp",10,"that","gap","continuation","LLAMA",12.0781309628434
"222","nocomp",10,"that","gap","continuation","NGRAM",36.9726397866633
"223","nocomp",10,"that","nogap","embed_obj","GPT2",4.50812041759491
"224","nocomp",10,"that","nogap","embed_obj","GPT3",4.4760255
"225","nocomp",10,"that","nogap","embed_obj","GRNN",7.34693741798401
"226","nocomp",10,"that","nogap","embed_obj","JRNN",7.61441397666931
"227","nocomp",10,"that","nogap","embed_obj","LLAMA",5.30858066138571
"228","nocomp",10,"that","nogap","embed_obj","NGRAM",20.9884180226607
"229","nocomp",10,"what","gap","continuation","GPT2",9.43046714365482
"230","nocomp",10,"what","gap","continuation","GPT3",9.73816509
"231","nocomp",10,"what","gap","continuation","GRNN",21.408371001482
"232","nocomp",10,"what","gap","continuation","JRNN",16.407871812582
"233","nocomp",10,"what","gap","continuation","LLAMA",13.3843106940525
"234","nocomp",10,"what","gap","continuation","NGRAM",36.9726397866633
"235","nocomp",10,"what","nogap","embed_obj","GPT2",6.18959164619446
"236","nocomp",10,"what","nogap","embed_obj","GPT3",5.3139016
"237","nocomp",10,"what","nogap","embed_obj","GRNN",12.1126885414124
"238","nocomp",10,"what","nogap","embed_obj","JRNN",11.6627140045166
"239","nocomp",10,"what","nogap","embed_obj","LLAMA",6.3089381007868
"240","nocomp",10,"what","nogap","embed_obj","NGRAM",20.9884180226607
"241","nocomp",11,"that","gap","continuation","GPT2",13.273266647011
"242","nocomp",11,"that","gap","continuation","GPT3",14.800945316
"243","nocomp",11,"that","gap","continuation","GRNN",19.4833539128304
"244","nocomp",11,"that","gap","continuation","JRNN",21.0669974684715
"245","nocomp",11,"that","gap","continuation","LLAMA",21.6420290202857
"246","nocomp",11,"that","gap","continuation","NGRAM",29.3100395934266
"247","nocomp",11,"that","nogap","embed_obj","GPT2",10.0775423049927
"248","nocomp",11,"that","nogap","embed_obj","GPT3",10.886702
"249","nocomp",11,"that","nogap","embed_obj","GRNN",11.2185595035553
"250","nocomp",11,"that","nogap","embed_obj","JRNN",15.8003168106079
"251","nocomp",11,"that","nogap","embed_obj","LLAMA",11.4651905329854
"252","nocomp",11,"that","nogap","embed_obj","NGRAM",20.4192408108838
"253","nocomp",11,"what","gap","continuation","GPT2",12.1487169098109
"254","nocomp",11,"what","gap","continuation","GPT3",13.07153073
"255","nocomp",11,"what","gap","continuation","GRNN",15.8526890650392
"256","nocomp",11,"what","gap","continuation","JRNN",17.498898986727
"257","nocomp",11,"what","gap","continuation","LLAMA",19.1334555380581
"258","nocomp",11,"what","gap","continuation","NGRAM",29.3100395934266
"259","nocomp",11,"what","nogap","embed_obj","GPT2",12.0937614440918
"260","nocomp",11,"what","nogap","embed_obj","GPT3",10.0309536
"261","nocomp",11,"what","nogap","embed_obj","GRNN",16.6912941932678
"262","nocomp",11,"what","nogap","embed_obj","JRNN",18.274631023407
"263","nocomp",11,"what","nogap","embed_obj","LLAMA",12.6837531642228
"264","nocomp",11,"what","nogap","embed_obj","NGRAM",20.4192408108838
"265","nocomp",12,"that","gap","continuation","GPT2",23.4385725259781
"266","nocomp",12,"that","gap","continuation","GPT3",23.6789877
"267","nocomp",12,"that","gap","continuation","GRNN",30.7959780693054
"268","nocomp",12,"that","gap","continuation","JRNN",37.0678360462189
"269","nocomp",12,"that","gap","continuation","LLAMA",33.3470128843908
"270","nocomp",12,"that","gap","continuation","NGRAM",49.9873858013807
"271","nocomp",12,"that","nogap","embed_obj","GPT2",11.9823052883148
"272","nocomp",12,"that","nogap","embed_obj","GPT3",11.2500624
"273","nocomp",12,"that","nogap","embed_obj","GRNN",23.6426701545715
"274","nocomp",12,"that","nogap","embed_obj","JRNN",15.2937710285187
"275","nocomp",12,"that","nogap","embed_obj","LLAMA",15.4287394248371
"276","nocomp",12,"that","nogap","embed_obj","NGRAM",36.9205173288331
"277","nocomp",12,"what","gap","continuation","GPT2",23.5411323308944
"278","nocomp",12,"what","gap","continuation","GPT3",21.7202659
"279","nocomp",12,"what","gap","continuation","GRNN",31.427861571312
"280","nocomp",12,"what","gap","continuation","JRNN",33.9156758785248
"281","nocomp",12,"what","gap","continuation","LLAMA",32.6093690554577
"282","nocomp",12,"what","gap","continuation","NGRAM",49.9873858013807
"283","nocomp",12,"what","nogap","embed_obj","GPT2",12.4132652282715
"284","nocomp",12,"what","nogap","embed_obj","GPT3",11.3456355
"285","nocomp",12,"what","nogap","embed_obj","GRNN",28.503665447235
"286","nocomp",12,"what","nogap","embed_obj","JRNN",19.3410167694092
"287","nocomp",12,"what","nogap","embed_obj","LLAMA",16.4231497143138
"288","nocomp",12,"what","nogap","embed_obj","NGRAM",36.9205173288331
"289","nocomp",13,"that","gap","continuation","GPT2",15.7569983005524
"290","nocomp",13,"that","gap","continuation","GPT3",18.6518029
"291","nocomp",13,"that","gap","continuation","GRNN",22.4308799505234
"292","nocomp",13,"that","gap","continuation","JRNN",21.5237364768982
"293","nocomp",13,"that","gap","continuation","LLAMA",23.7813975061973
"294","nocomp",13,"that","gap","continuation","NGRAM",40.6156920886951
"295","nocomp",13,"that","nogap","embed_obj","GPT2",11.1616786718369
"296","nocomp",13,"that","nogap","embed_obj","GPT3",9.48500183
"297","nocomp",13,"that","nogap","embed_obj","GRNN",14.357760310173
"298","nocomp",13,"that","nogap","embed_obj","JRNN",16.1609805822372
"299","nocomp",13,"that","nogap","embed_obj","LLAMA",13.3050778274203
"300","nocomp",13,"that","nogap","embed_obj","NGRAM",27.9333091874221
"301","nocomp",13,"what","gap","continuation","GPT2",11.700220823288
"302","nocomp",13,"what","gap","continuation","GPT3",12.3998295
"303","nocomp",13,"what","gap","continuation","GRNN",18.8244729042053
"304","nocomp",13,"what","gap","continuation","JRNN",17.8229596614838
"305","nocomp",13,"what","gap","continuation","LLAMA",17.2231130112287
"306","nocomp",13,"what","gap","continuation","NGRAM",40.6156920886951
"307","nocomp",13,"what","nogap","embed_obj","GPT2",13.0024662017822
"308","nocomp",13,"what","nogap","embed_obj","GPT3",13.3604554
"309","nocomp",13,"what","nogap","embed_obj","GRNN",21.4351029396057
"310","nocomp",13,"what","nogap","embed_obj","JRNN",22.2985882759094
"311","nocomp",13,"what","nogap","embed_obj","LLAMA",20.0824524290612
"312","nocomp",13,"what","nogap","embed_obj","NGRAM",27.9333091874221
"313","nocomp",14,"that","gap","continuation","GPT2",16.3996722698212
"314","nocomp",14,"that","gap","continuation","GPT3",12.5191018
"315","nocomp",14,"that","gap","continuation","GRNN",27.9448432922363
"316","nocomp",14,"that","gap","continuation","JRNN",26.6373019218445
"317","nocomp",14,"that","gap","continuation","LLAMA",16.4894398305162
"318","nocomp",14,"that","gap","continuation","NGRAM",35.5420112284687
"319","nocomp",14,"that","nogap","embed_obj","GPT2",10.8012726902962
"320","nocomp",14,"that","nogap","embed_obj","GPT3",10.866866
"321","nocomp",14,"that","nogap","embed_obj","GRNN",18.1843433380127
"322","nocomp",14,"that","nogap","embed_obj","JRNN",16.0014586448669
"323","nocomp",14,"that","nogap","embed_obj","LLAMA",14.900550395414
"324","nocomp",14,"that","nogap","embed_obj","NGRAM",29.4333006537007
"325","nocomp",14,"what","gap","continuation","GPT2",16.2373552322388
"326","nocomp",14,"what","gap","continuation","GPT3",10.7807722
"327","nocomp",14,"what","gap","continuation","GRNN",25.0532164573669
"328","nocomp",14,"what","gap","continuation","JRNN",25.8820614814758
"329","nocomp",14,"what","gap","continuation","LLAMA",14.5517441330342
"330","nocomp",14,"what","gap","continuation","NGRAM",35.5420112284687
"331","nocomp",14,"what","nogap","embed_obj","GPT2",15.9484157562256
"332","nocomp",14,"what","nogap","embed_obj","GPT3",13.3416923
"333","nocomp",14,"what","nogap","embed_obj","GRNN",26.9700865745544
"334","nocomp",14,"what","nogap","embed_obj","JRNN",25.0786437988281
"335","nocomp",14,"what","nogap","embed_obj","LLAMA",20.440487603682
"336","nocomp",14,"what","nogap","embed_obj","NGRAM",29.4333006537007
"337","nocomp",15,"that","gap","continuation","GPT2",12.3794530630112
"338","nocomp",15,"that","gap","continuation","GPT3",14.0414794
"339","nocomp",15,"that","gap","continuation","GRNN",18.286462187767
"340","nocomp",15,"that","gap","continuation","JRNN",18.1151497364044
"341","nocomp",15,"that","gap","continuation","LLAMA",22.1363860789459
"342","nocomp",15,"that","gap","continuation","NGRAM",18.9233622547386
"343","nocomp",15,"that","nogap","embed_obj","GPT2",7.21743607521057
"344","nocomp",15,"that","nogap","embed_obj","GPT3",6.31693948
"345","nocomp",15,"that","nogap","embed_obj","GRNN",18.7663464397192
"346","nocomp",15,"that","nogap","embed_obj","JRNN",10.7268813252449
"347","nocomp",15,"that","nogap","embed_obj","LLAMA",9.31208895910596
"348","nocomp",15,"that","nogap","embed_obj","NGRAM",24.1526845746059
"349","nocomp",15,"what","gap","continuation","GPT2",7.89570474624634
"350","nocomp",15,"what","gap","continuation","GPT3",10.5537439
"351","nocomp",15,"what","gap","continuation","GRNN",19.5789802074432
"352","nocomp",15,"what","gap","continuation","JRNN",13.234442949295
"353","nocomp",15,"what","gap","continuation","LLAMA",12.7415761547056
"354","nocomp",15,"what","gap","continuation","NGRAM",18.9233622547386
"355","nocomp",15,"what","nogap","embed_obj","GPT2",9.87334805727005
"356","nocomp",15,"what","nogap","embed_obj","GPT3",6.7143553
"357","nocomp",15,"what","nogap","embed_obj","GRNN",21.3048112988472
"358","nocomp",15,"what","nogap","embed_obj","JRNN",18.3865697681904
"359","nocomp",15,"what","nogap","embed_obj","LLAMA",11.7688805207446
"360","nocomp",15,"what","nogap","embed_obj","NGRAM",24.1526845746059
"361","nocomp",16,"that","gap","continuation","GPT2",16.6957066059113
"362","nocomp",16,"that","gap","continuation","GPT3",18.0443778
"363","nocomp",16,"that","gap","continuation","GRNN",29.9056868553162
"364","nocomp",16,"that","gap","continuation","JRNN",20.44722032547
"365","nocomp",16,"that","gap","continuation","LLAMA",22.6797709384198
"366","nocomp",16,"that","gap","continuation","NGRAM",11.9661192488396
"367","nocomp",16,"that","nogap","embed_obj","GPT2",6.90006852149964
"368","nocomp",16,"that","nogap","embed_obj","GPT3",7.2187258
"369","nocomp",16,"that","nogap","embed_obj","GRNN",18.5912084579467
"370","nocomp",16,"that","nogap","embed_obj","JRNN",10.383979678154
"371","nocomp",16,"that","nogap","embed_obj","LLAMA",9.53316743748522
"372","nocomp",16,"that","nogap","embed_obj","NGRAM",25.2314355578176
"373","nocomp",16,"what","gap","continuation","GPT2",11.1533871293068
"374","nocomp",16,"what","gap","continuation","GPT3",13.3686422
"375","nocomp",16,"what","gap","continuation","GRNN",19.5641089677811
"376","nocomp",16,"what","gap","continuation","JRNN",15.9346944093704
"377","nocomp",16,"what","gap","continuation","LLAMA",14.9075596887348
"378","nocomp",16,"what","gap","continuation","NGRAM",11.9661192488396
"379","nocomp",16,"what","nogap","embed_obj","GPT2",11.7115608453751
"380","nocomp",16,"what","nogap","embed_obj","GPT3",11.7232558
"381","nocomp",16,"what","nogap","embed_obj","GRNN",23.4666156768799
"382","nocomp",16,"what","nogap","embed_obj","JRNN",19.7241907119751
"383","nocomp",16,"what","nogap","embed_obj","LLAMA",14.2445642646299
"384","nocomp",16,"what","nogap","embed_obj","NGRAM",25.2314355578176
"385","nocomp",17,"that","gap","continuation","GPT2",19.1599984169006
"386","nocomp",17,"that","gap","continuation","GPT3",21.6303495
"387","nocomp",17,"that","gap","continuation","GRNN",22.2437576651573
"388","nocomp",17,"that","gap","continuation","JRNN",26.9806336760521
"389","nocomp",17,"that","gap","continuation","LLAMA",29.2671847728122
"390","nocomp",17,"that","gap","continuation","NGRAM",30.9668022330057
"391","nocomp",17,"that","nogap","embed_obj","GPT2",10.4699459075928
"392","nocomp",17,"that","nogap","embed_obj","GPT3",8.804285
"393","nocomp",17,"that","nogap","embed_obj","GRNN",25.778582572937
"394","nocomp",17,"that","nogap","embed_obj","JRNN",17.5855932235717
"395","nocomp",17,"that","nogap","embed_obj","LLAMA",14.8048492252121
"396","nocomp",17,"that","nogap","embed_obj","NGRAM",25.6170947201196
"397","nocomp",17,"what","gap","continuation","GPT2",14.917535841465
"398","nocomp",17,"what","gap","continuation","GPT3",17.59430108
"399","nocomp",17,"what","gap","continuation","GRNN",19.4830830693245
"400","nocomp",17,"what","gap","continuation","JRNN",20.7745341062546
"401","nocomp",17,"what","gap","continuation","LLAMA",24.2146226390606
"402","nocomp",17,"what","gap","continuation","NGRAM",30.9668022330057
"403","nocomp",17,"what","nogap","embed_obj","GPT2",12.7883968353272
"404","nocomp",17,"what","nogap","embed_obj","GPT3",10.205562
"405","nocomp",17,"what","nogap","embed_obj","GRNN",30.4954891204834
"406","nocomp",17,"what","nogap","embed_obj","JRNN",27.6000566482544
"407","nocomp",17,"what","nogap","embed_obj","LLAMA",19.7080352611408
"408","nocomp",17,"what","nogap","embed_obj","NGRAM",25.6170947201196
"409","nocomp",18,"that","gap","continuation","GPT2",13.0257618427277
"410","nocomp",18,"that","gap","continuation","GPT3",13.7705077
"411","nocomp",18,"that","gap","continuation","GRNN",28.0260467529297
"412","nocomp",18,"that","gap","continuation","JRNN",19.2770147323608
"413","nocomp",18,"that","gap","continuation","LLAMA",16.6711008755716
"414","nocomp",18,"that","gap","continuation","NGRAM",14.8846007165926
"415","nocomp",18,"that","nogap","embed_obj","GPT2",20.5250630378724
"416","nocomp",18,"that","nogap","embed_obj","GPT3",18.1190928
"417","nocomp",18,"that","nogap","embed_obj","GRNN",32.9399151802063
"418","nocomp",18,"that","nogap","embed_obj","JRNN",28.0534455776215
"419","nocomp",18,"that","nogap","embed_obj","LLAMA",22.4390844675253
"420","nocomp",18,"that","nogap","embed_obj","NGRAM",37.5646137660138
"421","nocomp",18,"what","gap","continuation","GPT2",9.70174694061279
"422","nocomp",18,"what","gap","continuation","GPT3",10.7870015
"423","nocomp",18,"what","gap","continuation","GRNN",27.6380271911621
"424","nocomp",18,"what","gap","continuation","JRNN",22.5449867248535
"425","nocomp",18,"what","gap","continuation","LLAMA",14.447290057027
"426","nocomp",18,"what","gap","continuation","NGRAM",14.8846007165926
"427","nocomp",18,"what","nogap","embed_obj","GPT2",24.9640393257141
"428","nocomp",18,"what","nogap","embed_obj","GPT3",18.211108
"429","nocomp",18,"what","nogap","embed_obj","GRNN",37.1503028869629
"430","nocomp",18,"what","nogap","embed_obj","JRNN",43.7872252464294
"431","nocomp",18,"what","nogap","embed_obj","LLAMA",23.6887725998297
"432","nocomp",18,"what","nogap","embed_obj","NGRAM",37.5646137660138
"433","nocomp",19,"that","gap","continuation","GPT2",12.2044892311096
"434","nocomp",19,"that","gap","continuation","GPT3",15.2948384
"435","nocomp",19,"that","gap","continuation","GRNN",25.2633638381958
"436","nocomp",19,"that","gap","continuation","JRNN",16.3513154983521
"437","nocomp",19,"that","gap","continuation","LLAMA",21.655652120182
"438","nocomp",19,"that","gap","continuation","NGRAM",12.5475034548197
"439","nocomp",19,"that","nogap","embed_obj","GPT2",11.9457507133484
"440","nocomp",19,"that","nogap","embed_obj","GPT3",10.8124078
"441","nocomp",19,"that","nogap","embed_obj","GRNN",17.0070157051086
"442","nocomp",19,"that","nogap","embed_obj","JRNN",15.4203946590424
"443","nocomp",19,"that","nogap","embed_obj","LLAMA",16.4292683521818
"444","nocomp",19,"that","nogap","embed_obj","NGRAM",27.9849534734056
"445","nocomp",19,"what","gap","continuation","GPT2",9.64352130889893
"446","nocomp",19,"what","gap","continuation","GPT3",12.5749126
"447","nocomp",19,"what","gap","continuation","GRNN",18.8641600608826
"448","nocomp",19,"what","gap","continuation","JRNN",11.2660698890686
"449","nocomp",19,"what","gap","continuation","LLAMA",18.1175558167234
"450","nocomp",19,"what","gap","continuation","NGRAM",12.5475034548197
"451","nocomp",19,"what","nogap","embed_obj","GPT2",14.68075466156
"452","nocomp",19,"what","nogap","embed_obj","GPT3",13.9478407
"453","nocomp",19,"what","nogap","embed_obj","GRNN",23.3963809013366
"454","nocomp",19,"what","nogap","embed_obj","JRNN",19.3802237510681
"455","nocomp",19,"what","nogap","embed_obj","LLAMA",18.6921050500212
"456","nocomp",19,"what","nogap","embed_obj","NGRAM",27.9849534734056
"457","nocomp",20,"that","gap","continuation","GPT2",10.8494148254394
"458","nocomp",20,"that","gap","continuation","GPT3",11.5722855
"459","nocomp",20,"that","gap","continuation","GRNN",25.973222732544
"460","nocomp",20,"that","gap","continuation","JRNN",18.5512180328369
"461","nocomp",20,"that","gap","continuation","LLAMA",16.2486590114056
"462","nocomp",20,"that","gap","continuation","NGRAM",19.6348488500844
"463","nocomp",20,"that","nogap","embed_obj","GPT2",10.6370143890381
"464","nocomp",20,"that","nogap","embed_obj","GPT3",9.0640356
"465","nocomp",20,"that","nogap","embed_obj","GRNN",17.4627170562744
"466","nocomp",20,"that","nogap","embed_obj","JRNN",12.3481135368347
"467","nocomp",20,"that","nogap","embed_obj","LLAMA",10.6428173144127
"468","nocomp",20,"that","nogap","embed_obj","NGRAM",22.0661749500981
"469","nocomp",20,"what","gap","continuation","GPT2",10.4458498954773
"470","nocomp",20,"what","gap","continuation","GPT3",11.4061217
"471","nocomp",20,"what","gap","continuation","GRNN",26.1009302139282
"472","nocomp",20,"what","gap","continuation","JRNN",18.8469514846802
"473","nocomp",20,"what","gap","continuation","LLAMA",16.6931782725016
"474","nocomp",20,"what","gap","continuation","NGRAM",19.6348488500844
"475","nocomp",20,"what","nogap","embed_obj","GPT2",9.31847143173218
"476","nocomp",20,"what","nogap","embed_obj","GPT3",8.8200726
"477","nocomp",20,"what","nogap","embed_obj","GRNN",17.7377119064331
"478","nocomp",20,"what","nogap","embed_obj","JRNN",12.0120820999146
"479","nocomp",20,"what","nogap","embed_obj","LLAMA",11.2154937140389
"480","nocomp",20,"what","nogap","embed_obj","NGRAM",22.0661749500981
"481","nocomp",21,"that","gap","continuation","GPT2",9.89967012405396
"482","nocomp",21,"that","gap","continuation","GPT3",7.73814185
"483","nocomp",21,"that","gap","continuation","GRNN",14.352409362793
"484","nocomp",21,"that","gap","continuation","JRNN",11.949199616909
"485","nocomp",21,"that","gap","continuation","LLAMA",10.4583813534242
"486","nocomp",21,"that","gap","continuation","NGRAM",31.1512288580898
"487","nocomp",21,"that","nogap","embed_obj","GPT2",8.47675323486328
"488","nocomp",21,"that","nogap","embed_obj","GPT3",5.4380429
"489","nocomp",21,"that","nogap","embed_obj","GRNN",11.9673991203308
"490","nocomp",21,"that","nogap","embed_obj","JRNN",9.69539880752563
"491","nocomp",21,"that","nogap","embed_obj","LLAMA",10.3144530779601
"492","nocomp",21,"that","nogap","embed_obj","NGRAM",15.3841910496293
"493","nocomp",21,"what","gap","continuation","GPT2",8.8870105445385
"494","nocomp",21,"what","gap","continuation","GPT3",6.6494589
"495","nocomp",21,"what","gap","continuation","GRNN",15.6098657846451
"496","nocomp",21,"what","gap","continuation","JRNN",10.7445253133774
"497","nocomp",21,"what","gap","continuation","LLAMA",10.6306704474956
"498","nocomp",21,"what","gap","continuation","NGRAM",31.1512288580898
"499","nocomp",21,"what","nogap","embed_obj","GPT2",9.26709032058716
"500","nocomp",21,"what","nogap","embed_obj","GPT3",7.6310842
"501","nocomp",21,"what","nogap","embed_obj","GRNN",13.7152743339539
"502","nocomp",21,"what","nogap","embed_obj","JRNN",14.0072269439697
"503","nocomp",21,"what","nogap","embed_obj","LLAMA",10.4291674448875
"504","nocomp",21,"what","nogap","embed_obj","NGRAM",15.3841910496293
"505","nocomp",22,"that","gap","continuation","GPT2",17.5085799694061
"506","nocomp",22,"that","gap","continuation","GPT3",18.4743722
"507","nocomp",22,"that","gap","continuation","GRNN",22.6724345684051
"508","nocomp",22,"that","gap","continuation","JRNN",26.1189088821411
"509","nocomp",22,"that","gap","continuation","LLAMA",25.6412012967606
"510","nocomp",22,"that","gap","continuation","NGRAM",35.2426138951214
"511","nocomp",22,"that","nogap","embed_obj","GPT2",13.3459174633026
"512","nocomp",22,"that","nogap","embed_obj","GPT3",12.5384697
"513","nocomp",22,"that","nogap","embed_obj","GRNN",16.2456367015839
"514","nocomp",22,"that","nogap","embed_obj","JRNN",16.0095860958099
"515","nocomp",22,"that","nogap","embed_obj","LLAMA",18.9915605794613
"516","nocomp",22,"that","nogap","embed_obj","NGRAM",34.3714002456207
"517","nocomp",22,"what","gap","continuation","GPT2",14.0893409252167
"518","nocomp",22,"what","gap","continuation","GPT3",13.8007486
"519","nocomp",22,"what","gap","continuation","GRNN",20.9996762275696
"520","nocomp",22,"what","gap","continuation","JRNN",23.235020160675
"521","nocomp",22,"what","gap","continuation","LLAMA",17.9625257964615
"522","nocomp",22,"what","gap","continuation","NGRAM",35.2426138951214
"523","nocomp",22,"what","nogap","embed_obj","GPT2",17.599534034729
"524","nocomp",22,"what","nogap","embed_obj","GPT3",15.1878455
"525","nocomp",22,"what","nogap","embed_obj","GRNN",22.1555609703064
"526","nocomp",22,"what","nogap","embed_obj","JRNN",19.92267370224
"527","nocomp",22,"what","nogap","embed_obj","LLAMA",22.6782650064184
"528","nocomp",22,"what","nogap","embed_obj","NGRAM",34.3714002456207
"529","nocomp",23,"that","gap","continuation","GPT2",9.59896862506867
"530","nocomp",23,"that","gap","continuation","GPT3",9.9637622
"531","nocomp",23,"that","gap","continuation","GRNN",20.6500902175904
"532","nocomp",23,"that","gap","continuation","JRNN",12.7710566520691
"533","nocomp",23,"that","gap","continuation","LLAMA",15.7651965716621
"534","nocomp",23,"that","gap","continuation","NGRAM",13.4097536841388
"535","nocomp",23,"that","nogap","embed_obj","GPT2",7.13196611404419
"536","nocomp",23,"that","nogap","embed_obj","GPT3",4.2329357
"537","nocomp",23,"that","nogap","embed_obj","GRNN",16.2115144729614
"538","nocomp",23,"that","nogap","embed_obj","JRNN",11.8349268436432
"539","nocomp",23,"that","nogap","embed_obj","LLAMA",6.89951410422878
"540","nocomp",23,"that","nogap","embed_obj","NGRAM",32.9274931406492
"541","nocomp",23,"what","gap","continuation","GPT2",6.5301308631897
"542","nocomp",23,"what","gap","continuation","GPT3",7.414707
"543","nocomp",23,"what","gap","continuation","GRNN",18.9173936843872
"544","nocomp",23,"what","gap","continuation","JRNN",10.2942795753479
"545","nocomp",23,"what","gap","continuation","LLAMA",11.6585276972398
"546","nocomp",23,"what","gap","continuation","NGRAM",13.4097536841388
"547","nocomp",23,"what","nogap","embed_obj","GPT2",13.5862790346146
"548","nocomp",23,"what","nogap","embed_obj","GPT3",8.4338437
"549","nocomp",23,"what","nogap","embed_obj","GRNN",23.6086945533752
"550","nocomp",23,"what","nogap","embed_obj","JRNN",20.8698918819428
"551","nocomp",23,"what","nogap","embed_obj","LLAMA",11.3033241782046
"552","nocomp",23,"what","nogap","embed_obj","NGRAM",32.9274931406492
"553","nocomp",24,"that","gap","continuation","GPT2",12.1219240427017
"554","nocomp",24,"that","gap","continuation","GPT3",12.7557839
"555","nocomp",24,"that","gap","continuation","GRNN",18.2834138870239
"556","nocomp",24,"that","gap","continuation","JRNN",21.2562561035156
"557","nocomp",24,"that","gap","continuation","LLAMA",18.1833349217285
"558","nocomp",24,"that","gap","continuation","NGRAM",24.3777027097541
"559","nocomp",24,"that","nogap","embed_obj","GPT2",2.82408332824707
"560","nocomp",24,"that","nogap","embed_obj","GPT3",3.4522072
"561","nocomp",24,"that","nogap","embed_obj","GRNN",6.83321273326874
"562","nocomp",24,"that","nogap","embed_obj","JRNN",4.44181859493256
"563","nocomp",24,"that","nogap","embed_obj","LLAMA",3.79910392397476
"564","nocomp",24,"that","nogap","embed_obj","NGRAM",13.7028224422861
"565","nocomp",24,"what","gap","continuation","GPT2",7.71586465835572
"566","nocomp",24,"what","gap","continuation","GPT3",8.9688611
"567","nocomp",24,"what","gap","continuation","GRNN",13.3299528360367
"568","nocomp",24,"what","gap","continuation","JRNN",16.06791639328
"569","nocomp",24,"what","gap","continuation","LLAMA",10.5360076651338
"570","nocomp",24,"what","gap","continuation","NGRAM",24.3777027097541
"571","nocomp",24,"what","nogap","embed_obj","GPT2",4.93109738826751
"572","nocomp",24,"what","nogap","embed_obj","GPT3",3.9511609
"573","nocomp",24,"what","nogap","embed_obj","GRNN",15.199583530426
"574","nocomp",24,"what","nogap","embed_obj","JRNN",11.9809260368347
"575","nocomp",24,"what","nogap","embed_obj","LLAMA",6.47754454477372
"576","nocomp",24,"what","nogap","embed_obj","NGRAM",13.7028224422861
"577","wh",1,"that","gap","continuation","GPT2",17.2169327735901
"578","wh",1,"that","gap","continuation","GPT3",14.7203794
"579","wh",1,"that","gap","continuation","GRNN",18.7132897377014
"580","wh",1,"that","gap","continuation","JRNN",22.9595687389373
"581","wh",1,"that","gap","continuation","LLAMA",22.4028534169555
"582","wh",1,"that","gap","continuation","NGRAM",22.600217215466
"583","wh",1,"that","nogap","embed_obj","GPT2",8.28936195373535
"584","wh",1,"that","nogap","embed_obj","GPT3",8.4861618
"585","wh",1,"that","nogap","embed_obj","GRNN",13.3882279396057
"586","wh",1,"that","nogap","embed_obj","JRNN",11.8845875263214
"587","wh",1,"that","nogap","embed_obj","LLAMA",10.4010068118134
"588","wh",1,"that","nogap","embed_obj","NGRAM",18.5388462775973
"589","wh",1,"what","gap","continuation","GPT2",17.684198141098
"590","wh",1,"what","gap","continuation","GPT3",15.3272247
"591","wh",1,"what","gap","continuation","GRNN",18.2347009181976
"592","wh",1,"what","gap","continuation","JRNN",23.8628025054931
"593","wh",1,"what","gap","continuation","LLAMA",22.6578902698174
"594","wh",1,"what","gap","continuation","NGRAM",22.600217215466
"595","wh",1,"what","nogap","embed_obj","GPT2",8.74176907539368
"596","wh",1,"what","nogap","embed_obj","GPT3",9.6259737
"597","wh",1,"what","nogap","embed_obj","GRNN",13.2575883865356
"598","wh",1,"what","nogap","embed_obj","JRNN",12.6272859573364
"599","wh",1,"what","nogap","embed_obj","LLAMA",10.447321209335
"600","wh",1,"what","nogap","embed_obj","NGRAM",18.5388462775973
"601","wh",2,"that","gap","continuation","GPT2",8.23310640454292
"602","wh",2,"that","gap","continuation","GPT3",12.03440864
"603","wh",2,"that","gap","continuation","GRNN",18.3226150274277
"604","wh",2,"that","gap","continuation","JRNN",18.3845927715301
"605","wh",2,"that","gap","continuation","LLAMA",15.2474210197781
"606","wh",2,"that","gap","continuation","NGRAM",21.9360844076767
"607","wh",2,"that","nogap","embed_obj","GPT2",9.38249504566193
"608","wh",2,"that","nogap","embed_obj","GPT3",7.072822
"609","wh",2,"that","nogap","embed_obj","GRNN",11.6429078578949
"610","wh",2,"that","nogap","embed_obj","JRNN",11.9897699356079
"611","wh",2,"that","nogap","embed_obj","LLAMA",7.48821870076431
"612","wh",2,"that","nogap","embed_obj","NGRAM",19.4579150216291
"613","wh",2,"what","gap","continuation","GPT2",8.6452078819275
"614","wh",2,"what","gap","continuation","GPT3",11.1134667
"615","wh",2,"what","gap","continuation","GRNN",18.9305677413941
"616","wh",2,"what","gap","continuation","JRNN",18.2753901481628
"617","wh",2,"what","gap","continuation","LLAMA",15.0831347586807
"618","wh",2,"what","gap","continuation","NGRAM",21.9360844076767
"619","wh",2,"what","nogap","embed_obj","GPT2",9.70064234733581
"620","wh",2,"what","nogap","embed_obj","GPT3",7.9012263
"621","wh",2,"what","nogap","embed_obj","GRNN",11.3592495918274
"622","wh",2,"what","nogap","embed_obj","JRNN",12.5654752254486
"623","wh",2,"what","nogap","embed_obj","LLAMA",7.42653408932337
"624","wh",2,"what","nogap","embed_obj","NGRAM",19.4579150216291
"625","wh",3,"that","gap","continuation","GPT2",13.2986886501312
"626","wh",3,"that","gap","continuation","GPT3",11.0574714
"627","wh",3,"that","gap","continuation","GRNN",19.5691187381744
"628","wh",3,"that","gap","continuation","JRNN",20.07146692276
"629","wh",3,"that","gap","continuation","LLAMA",22.5642903403865
"630","wh",3,"that","gap","continuation","NGRAM",21.6078534479552
"631","wh",3,"that","nogap","embed_obj","GPT2",4.61870336532593
"632","wh",3,"that","nogap","embed_obj","GPT3",2.9926424
"633","wh",3,"that","nogap","embed_obj","GRNN",6.39786267280579
"634","wh",3,"that","nogap","embed_obj","JRNN",10.5476806163788
"635","wh",3,"that","nogap","embed_obj","LLAMA",5.489944842083
"636","wh",3,"that","nogap","embed_obj","NGRAM",17.6068127481112
"637","wh",3,"what","gap","continuation","GPT2",14.4112794399262
"638","wh",3,"what","gap","continuation","GPT3",15.3814141
"639","wh",3,"what","gap","continuation","GRNN",19.8426728248597
"640","wh",3,"what","gap","continuation","JRNN",21.5399427413941
"641","wh",3,"what","gap","continuation","LLAMA",21.3241286412055
"642","wh",3,"what","gap","continuation","NGRAM",21.6078534479552
"643","wh",3,"what","nogap","embed_obj","GPT2",4.96417129039764
"644","wh",3,"what","nogap","embed_obj","GPT3",4.1048388
"645","wh",3,"what","nogap","embed_obj","GRNN",6.50609683990478
"646","wh",3,"what","nogap","embed_obj","JRNN",11.1552774906159
"647","wh",3,"what","nogap","embed_obj","LLAMA",6.70683188262292
"648","wh",3,"what","nogap","embed_obj","NGRAM",17.6068127481112
"649","wh",4,"that","gap","continuation","GPT2",14.1413233876228
"650","wh",4,"that","gap","continuation","GPT3",14.0304092
"651","wh",4,"that","gap","continuation","GRNN",16.747448861599
"652","wh",4,"that","gap","continuation","JRNN",23.2787908315658
"653","wh",4,"that","gap","continuation","LLAMA",19.7172691897285
"654","wh",4,"that","gap","continuation","NGRAM",26.3921275477724
"655","wh",4,"that","nogap","embed_obj","GPT2",14.7333860397339
"656","wh",4,"that","nogap","embed_obj","GPT3",10.1033067
"657","wh",4,"that","nogap","embed_obj","GRNN",23.3786156177521
"658","wh",4,"that","nogap","embed_obj","JRNN",20.0253872871399
"659","wh",4,"that","nogap","embed_obj","LLAMA",15.4797227292884
"660","wh",4,"that","nogap","embed_obj","NGRAM",32.1967802397864
"661","wh",4,"what","gap","continuation","GPT2",14.3638797402382
"662","wh",4,"what","gap","continuation","GPT3",12.10716035
"663","wh",4,"what","gap","continuation","GRNN",16.3494477272034
"664","wh",4,"what","gap","continuation","JRNN",22.100070476532
"665","wh",4,"what","gap","continuation","LLAMA",17.9976188767813
"666","wh",4,"what","gap","continuation","NGRAM",26.3921275477724
"667","wh",4,"what","nogap","embed_obj","GPT2",14.9655767083168
"668","wh",4,"what","nogap","embed_obj","GPT3",9.9556784
"669","wh",4,"what","nogap","embed_obj","GRNN",23.6571288108825
"670","wh",4,"what","nogap","embed_obj","JRNN",20.3920042514801
"671","wh",4,"what","nogap","embed_obj","LLAMA",15.5632535515923
"672","wh",4,"what","nogap","embed_obj","NGRAM",32.1967802397864
"673","wh",5,"that","gap","continuation","GPT2",10.87231361866
"674","wh",5,"that","gap","continuation","GPT3",12.1215953
"675","wh",5,"that","gap","continuation","GRNN",19.8614377975464
"676","wh",5,"that","gap","continuation","JRNN",13.5744810104371
"677","wh",5,"that","gap","continuation","LLAMA",14.4718181336305
"678","wh",5,"that","gap","continuation","NGRAM",11.9407070198695
"679","wh",5,"that","nogap","embed_obj","GPT2",19.3680094480514
"680","wh",5,"that","nogap","embed_obj","GPT3",12.61553735
"681","wh",5,"that","nogap","embed_obj","GRNN",23.2889218330384
"682","wh",5,"that","nogap","embed_obj","JRNN",26.8832218647003
"683","wh",5,"that","nogap","embed_obj","LLAMA",15.2320830639008
"684","wh",5,"that","nogap","embed_obj","NGRAM",33.9137721546348
"685","wh",5,"what","gap","continuation","GPT2",10.8786845803261
"686","wh",5,"what","gap","continuation","GPT3",11.5039851
"687","wh",5,"what","gap","continuation","GRNN",19.5790047645569
"688","wh",5,"what","gap","continuation","JRNN",13.5155498981475
"689","wh",5,"what","gap","continuation","LLAMA",14.5866122562723
"690","wh",5,"what","gap","continuation","NGRAM",11.9407070198695
"691","wh",5,"what","nogap","embed_obj","GPT2",19.3909077644348
"692","wh",5,"what","nogap","embed_obj","GPT3",12.0522528
"693","wh",5,"what","nogap","embed_obj","GRNN",24.0933532714844
"694","wh",5,"what","nogap","embed_obj","JRNN",27.5265016555786
"695","wh",5,"what","nogap","embed_obj","LLAMA",15.2945262622398
"696","wh",5,"what","nogap","embed_obj","NGRAM",33.9137721546348
"697","wh",6,"that","gap","continuation","GPT2",24.4936001356691
"698","wh",6,"that","gap","continuation","GPT3",18.645076788
"699","wh",6,"that","gap","continuation","GRNN",40.3830885887147
"700","wh",6,"that","gap","continuation","JRNN",35.3490098305047
"701","wh",6,"that","gap","continuation","LLAMA",25.800471659444
"702","wh",6,"that","gap","continuation","NGRAM",38.8851458881104
"703","wh",6,"that","nogap","embed_obj","GPT2",9.00025022029877
"704","wh",6,"that","nogap","embed_obj","GPT3",5.8520747
"705","wh",6,"that","nogap","embed_obj","GRNN",11.6514472961426
"706","wh",6,"that","nogap","embed_obj","JRNN",7.87023711204529
"707","wh",6,"that","nogap","embed_obj","LLAMA",11.5793034408727
"708","wh",6,"that","nogap","embed_obj","NGRAM",16.3854099597481
"709","wh",6,"what","gap","continuation","GPT2",23.7467674370855
"710","wh",6,"what","gap","continuation","GPT3",21.88626494
"711","wh",6,"what","gap","continuation","GRNN",40.0148022174835
"712","wh",6,"what","gap","continuation","JRNN",33.2992797829211
"713","wh",6,"what","gap","continuation","LLAMA",30.4190738299107
"714","wh",6,"what","gap","continuation","NGRAM",38.8851458881104
"715","wh",6,"what","nogap","embed_obj","GPT2",9.10035371780395
"716","wh",6,"what","nogap","embed_obj","GPT3",7.7172053
"717","wh",6,"what","nogap","embed_obj","GRNN",11.7202315330505
"718","wh",6,"what","nogap","embed_obj","JRNN",9.07455956935883
"719","wh",6,"what","nogap","embed_obj","LLAMA",12.1827024723482
"720","wh",6,"what","nogap","embed_obj","NGRAM",16.3854099597481
"721","wh",7,"that","gap","continuation","GPT2",9.96098506450653
"722","wh",7,"that","gap","continuation","GPT3",9.30102564
"723","wh",7,"that","gap","continuation","GRNN",14.7789390087128
"724","wh",7,"that","gap","continuation","JRNN",17.3954463005066
"725","wh",7,"that","gap","continuation","LLAMA",12.4850992098887
"726","wh",7,"that","gap","continuation","NGRAM",24.3306125544641
"727","wh",7,"that","nogap","embed_obj","GPT2",4.39040946960449
"728","wh",7,"that","nogap","embed_obj","GPT3",5.7191326
"729","wh",7,"that","nogap","embed_obj","GRNN",11.2716102600098
"730","wh",7,"that","nogap","embed_obj","JRNN",3.63073015213012
"731","wh",7,"that","nogap","embed_obj","LLAMA",7.40644112374143
"732","wh",7,"that","nogap","embed_obj","NGRAM",20.7212745741992
"733","wh",7,"what","gap","continuation","GPT2",10.3666967153549
"734","wh",7,"what","gap","continuation","GPT3",10.3897236
"735","wh",7,"what","gap","continuation","GRNN",14.1903635263443
"736","wh",7,"what","gap","continuation","JRNN",17.650691986084
"737","wh",7,"what","gap","continuation","LLAMA",15.9433737063013
"738","wh",7,"what","gap","continuation","NGRAM",24.3306125544641
"739","wh",7,"what","nogap","embed_obj","GPT2",4.61197090148926
"740","wh",7,"what","nogap","embed_obj","GPT3",3.5191133
"741","wh",7,"what","nogap","embed_obj","GRNN",11.028805732727
"742","wh",7,"what","nogap","embed_obj","JRNN",4.05333435535431
"743","wh",7,"what","nogap","embed_obj","LLAMA",6.92753635677228
"744","wh",7,"what","nogap","embed_obj","NGRAM",20.7212745741992
"745","wh",8,"that","gap","continuation","GPT2",11.3811402320862
"746","wh",8,"that","gap","continuation","GPT3",9.2872043
"747","wh",8,"that","gap","continuation","GRNN",21.7548027038574
"748","wh",8,"that","gap","continuation","JRNN",20.3689088821411
"749","wh",8,"that","gap","continuation","LLAMA",11.4967720578639
"750","wh",8,"that","gap","continuation","NGRAM",20.8904978145421
"751","wh",8,"that","nogap","embed_obj","GPT2",14.8263711929321
"752","wh",8,"that","nogap","embed_obj","GPT3",16.154108
"753","wh",8,"that","nogap","embed_obj","GRNN",20.8951296806336
"754","wh",8,"that","nogap","embed_obj","JRNN",19.8067941665649
"755","wh",8,"that","nogap","embed_obj","LLAMA",20.8452314144568
"756","wh",8,"that","nogap","embed_obj","NGRAM",27.130914351985
"757","wh",8,"what","gap","continuation","GPT2",12.2904748916626
"758","wh",8,"what","gap","continuation","GPT3",10.3842542
"759","wh",8,"what","gap","continuation","GRNN",22.289423942566
"760","wh",8,"what","gap","continuation","JRNN",21.0726480484009
"761","wh",8,"what","gap","continuation","LLAMA",12.6166295472874
"762","wh",8,"what","gap","continuation","NGRAM",20.8904978145421
"763","wh",8,"what","nogap","embed_obj","GPT2",15.0743942260742
"764","wh",8,"what","nogap","embed_obj","GPT3",14.383225
"765","wh",8,"what","nogap","embed_obj","GRNN",20.9898509979249
"766","wh",8,"what","nogap","embed_obj","JRNN",20.7577528953552
"767","wh",8,"what","nogap","embed_obj","LLAMA",21.0042613780271
"768","wh",8,"what","nogap","embed_obj","NGRAM",27.130914351985
"769","wh",9,"that","gap","continuation","GPT2",11.3046197891235
"770","wh",9,"that","gap","continuation","GPT3",12.5563365
"771","wh",9,"that","gap","continuation","GRNN",26.8465080261231
"772","wh",9,"that","gap","continuation","JRNN",14.8590958118439
"773","wh",9,"that","gap","continuation","LLAMA",19.3331605061579
"774","wh",9,"that","gap","continuation","NGRAM",12.2327126769303
"775","wh",9,"that","nogap","embed_obj","GPT2",8.63455498218537
"776","wh",9,"that","nogap","embed_obj","GPT3",7.5764669
"777","wh",9,"that","nogap","embed_obj","GRNN",17.6051199436188
"778","wh",9,"that","nogap","embed_obj","JRNN",14.9936673641205
"779","wh",9,"that","nogap","embed_obj","LLAMA",9.12410250773587
"780","wh",9,"that","nogap","embed_obj","NGRAM",28.2374334468622
"781","wh",9,"what","gap","continuation","GPT2",11.374947309494
"782","wh",9,"what","gap","continuation","GPT3",11.9355053
"783","wh",9,"what","gap","continuation","GRNN",25.8296737670899
"784","wh",9,"what","gap","continuation","JRNN",15.5786833763123
"785","wh",9,"what","gap","continuation","LLAMA",18.27947093173
"786","wh",9,"what","gap","continuation","NGRAM",12.2327126769303
"787","wh",9,"what","nogap","embed_obj","GPT2",8.06479692459106
"788","wh",9,"what","nogap","embed_obj","GPT3",7.7362528
"789","wh",9,"what","nogap","embed_obj","GRNN",18.098085641861
"790","wh",9,"what","nogap","embed_obj","JRNN",15.5070929527283
"791","wh",9,"what","nogap","embed_obj","LLAMA",8.56679188055525
"792","wh",9,"what","nogap","embed_obj","NGRAM",28.2374334468622
"793","wh",10,"that","gap","continuation","GPT2",12.1131536364555
"794","wh",10,"that","gap","continuation","GPT3",10.98991492
"795","wh",10,"that","gap","continuation","GRNN",22.55512753129
"796","wh",10,"that","gap","continuation","JRNN",20.5956970266998
"797","wh",10,"that","gap","continuation","LLAMA",13.2250338453564
"798","wh",10,"that","gap","continuation","NGRAM",36.9726397866633
"799","wh",10,"that","nogap","embed_obj","GPT2",4.00341510772705
"800","wh",10,"that","nogap","embed_obj","GPT3",3.7449756
"801","wh",10,"that","nogap","embed_obj","GRNN",7.02236223220825
"802","wh",10,"that","nogap","embed_obj","JRNN",6.78423476219177
"803","wh",10,"that","nogap","embed_obj","LLAMA",4.62577001205004
"804","wh",10,"that","nogap","embed_obj","NGRAM",20.9884180226607
"805","wh",10,"what","gap","continuation","GPT2",12.1159956157208
"806","wh",10,"what","gap","continuation","GPT3",10.8017721
"807","wh",10,"what","gap","continuation","GRNN",22.7011257112027
"808","wh",10,"what","gap","continuation","JRNN",20.9086531549693
"809","wh",10,"what","gap","continuation","LLAMA",12.5700044076083
"810","wh",10,"what","gap","continuation","NGRAM",36.9726397866633
"811","wh",10,"what","nogap","embed_obj","GPT2",4.38888370990754
"812","wh",10,"what","nogap","embed_obj","GPT3",4.2113171
"813","wh",10,"what","nogap","embed_obj","GRNN",7.29577445983887
"814","wh",10,"what","nogap","embed_obj","JRNN",7.09198904037476
"815","wh",10,"what","nogap","embed_obj","LLAMA",5.49982731743537
"816","wh",10,"what","nogap","embed_obj","NGRAM",20.9884180226607
"817","wh",11,"that","gap","continuation","GPT2",15.9906754214317
"818","wh",11,"that","gap","continuation","GPT3",14.81887324
"819","wh",11,"that","gap","continuation","GRNN",21.7598669975996
"820","wh",11,"that","gap","continuation","JRNN",20.1334455907345
"821","wh",11,"that","gap","continuation","LLAMA",21.3274465406553
"822","wh",11,"that","gap","continuation","NGRAM",29.3100395934266
"823","wh",11,"that","nogap","embed_obj","GPT2",9.09614038467407
"824","wh",11,"that","nogap","embed_obj","GPT3",10.8224031
"825","wh",11,"that","nogap","embed_obj","GRNN",10.7694842815399
"826","wh",11,"that","nogap","embed_obj","JRNN",15.0533120632171
"827","wh",11,"that","nogap","embed_obj","LLAMA",10.6139560252222
"828","wh",11,"that","nogap","embed_obj","NGRAM",20.4192408108838
"829","wh",11,"what","gap","continuation","GPT2",15.2850492186844
"830","wh",11,"what","gap","continuation","GPT3",14.08615892
"831","wh",11,"what","gap","continuation","GRNN",21.6945163458586
"832","wh",11,"what","gap","continuation","JRNN",19.2756701856852
"833","wh",11,"what","gap","continuation","LLAMA",19.9941374117837
"834","wh",11,"what","gap","continuation","NGRAM",29.3100395934266
"835","wh",11,"what","nogap","embed_obj","GPT2",8.95359945297241
"836","wh",11,"what","nogap","embed_obj","GPT3",9.3156471
"837","wh",11,"what","nogap","embed_obj","GRNN",10.9049265384674
"838","wh",11,"what","nogap","embed_obj","JRNN",15.1148359775543
"839","wh",11,"what","nogap","embed_obj","LLAMA",10.4972670992501
"840","wh",11,"what","nogap","embed_obj","NGRAM",20.4192408108838
"841","wh",12,"that","gap","continuation","GPT2",22.6959093809127
"842","wh",12,"that","gap","continuation","GPT3",23.254876
"843","wh",12,"that","gap","continuation","GRNN",33.0321207046509
"844","wh",12,"that","gap","continuation","JRNN",38.734447479248
"845","wh",12,"that","gap","continuation","LLAMA",35.2893054042351
"846","wh",12,"that","gap","continuation","NGRAM",49.9873858013807
"847","wh",12,"that","nogap","embed_obj","GPT2",12.2868993282318
"848","wh",12,"that","nogap","embed_obj","GPT3",8.7682123
"849","wh",12,"that","nogap","embed_obj","GRNN",22.706600189209
"850","wh",12,"that","nogap","embed_obj","JRNN",14.1824024915695
"851","wh",12,"that","nogap","embed_obj","LLAMA",13.3413384244373
"852","wh",12,"that","nogap","embed_obj","NGRAM",36.9205173288331
"853","wh",12,"what","gap","continuation","GPT2",22.9285888671875
"854","wh",12,"what","gap","continuation","GPT3",22.7774482
"855","wh",12,"what","gap","continuation","GRNN",32.6563510894776
"856","wh",12,"what","gap","continuation","JRNN",39.7944684028626
"857","wh",12,"what","gap","continuation","LLAMA",35.5057266817623
"858","wh",12,"what","gap","continuation","NGRAM",49.9873858013807
"859","wh",12,"what","nogap","embed_obj","GPT2",12.3726370334625
"860","wh",12,"what","nogap","embed_obj","GPT3",9.5234072
"861","wh",12,"what","nogap","embed_obj","GRNN",23.2893295288086
"862","wh",12,"what","nogap","embed_obj","JRNN",14.4624129533768
"863","wh",12,"what","nogap","embed_obj","LLAMA",15.8378375949338
"864","wh",12,"what","nogap","embed_obj","NGRAM",36.9205173288331
"865","wh",13,"that","gap","continuation","GPT2",15.5777113437652
"866","wh",13,"that","gap","continuation","GPT3",14.4570322
"867","wh",13,"that","gap","continuation","GRNN",22.1637365818024
"868","wh",13,"that","gap","continuation","JRNN",22.8527266979218
"869","wh",13,"that","gap","continuation","LLAMA",19.7925622512468
"870","wh",13,"that","gap","continuation","NGRAM",40.6156920886951
"871","wh",13,"that","nogap","embed_obj","GPT2",11.0731059312821
"872","wh",13,"that","nogap","embed_obj","GPT3",9.9853041
"873","wh",13,"that","nogap","embed_obj","GRNN",14.2779847383499
"874","wh",13,"that","nogap","embed_obj","JRNN",16.017497420311
"875","wh",13,"that","nogap","embed_obj","LLAMA",14.2996323586481
"876","wh",13,"that","nogap","embed_obj","NGRAM",27.9333091874221
"877","wh",13,"what","gap","continuation","GPT2",14.7862364053726
"878","wh",13,"what","gap","continuation","GPT3",15.3574422
"879","wh",13,"what","gap","continuation","GRNN",22.1943572759628
"880","wh",13,"what","gap","continuation","JRNN",22.2156360149384
"881","wh",13,"what","gap","continuation","LLAMA",18.494420852051
"882","wh",13,"what","gap","continuation","NGRAM",40.6156920886951
"883","wh",13,"what","nogap","embed_obj","GPT2",10.9711314439774
"884","wh",13,"what","nogap","embed_obj","GPT3",10.3031232
"885","wh",13,"what","nogap","embed_obj","GRNN",14.4050498008728
"886","wh",13,"what","nogap","embed_obj","JRNN",16.089704990387
"887","wh",13,"what","nogap","embed_obj","LLAMA",13.8752876872828
"888","wh",13,"what","nogap","embed_obj","NGRAM",27.9333091874221
"889","wh",14,"that","gap","continuation","GPT2",16.7258052825928
"890","wh",14,"that","gap","continuation","GPT3",14.0341979
"891","wh",14,"that","gap","continuation","GRNN",27.1409933567047
"892","wh",14,"that","gap","continuation","JRNN",27.2213563919067
"893","wh",14,"that","gap","continuation","LLAMA",18.0015412497842
"894","wh",14,"that","gap","continuation","NGRAM",35.5420112284687
"895","wh",14,"that","nogap","embed_obj","GPT2",9.84534901380539
"896","wh",14,"that","nogap","embed_obj","GPT3",9.85671372
"897","wh",14,"that","nogap","embed_obj","GRNN",16.6359987258911
"898","wh",14,"that","nogap","embed_obj","JRNN",15.0028055906296
"899","wh",14,"that","nogap","embed_obj","LLAMA",13.9765824002156
"900","wh",14,"that","nogap","embed_obj","NGRAM",29.4333006537007
"901","wh",14,"what","gap","continuation","GPT2",17.5269060134888
"902","wh",14,"what","gap","continuation","GPT3",13.5255355
"903","wh",14,"what","gap","continuation","GRNN",27.2216343879699
"904","wh",14,"what","gap","continuation","JRNN",25.0820488929748
"905","wh",14,"what","gap","continuation","LLAMA",18.2420271551318
"906","wh",14,"what","gap","continuation","NGRAM",35.5420112284687
"907","wh",14,"what","nogap","embed_obj","GPT2",9.88238483667373
"908","wh",14,"what","nogap","embed_obj","GPT3",10.53515983
"909","wh",14,"what","nogap","embed_obj","GRNN",16.9029564857483
"910","wh",14,"what","nogap","embed_obj","JRNN",16.8655307292938
"911","wh",14,"what","nogap","embed_obj","LLAMA",15.2527060067572
"912","wh",14,"what","nogap","embed_obj","NGRAM",29.4333006537007
"913","wh",15,"that","gap","continuation","GPT2",12.3867294788361
"914","wh",15,"that","gap","continuation","GPT3",14.4319618
"915","wh",15,"that","gap","continuation","GRNN",22.1682026386261
"916","wh",15,"that","gap","continuation","JRNN",19.6341931819915
"917","wh",15,"that","gap","continuation","LLAMA",22.5818707546062
"918","wh",15,"that","gap","continuation","NGRAM",18.9233622547386
"919","wh",15,"that","nogap","embed_obj","GPT2",7.39505147933959
"920","wh",15,"that","nogap","embed_obj","GPT3",6.73954734
"921","wh",15,"that","nogap","embed_obj","GRNN",14.8572983592749
"922","wh",15,"that","nogap","embed_obj","JRNN",10.4140400886536
"923","wh",15,"that","nogap","embed_obj","LLAMA",9.90770413476911
"924","wh",15,"that","nogap","embed_obj","NGRAM",24.1526845746059
"925","wh",15,"what","gap","continuation","GPT2",11.5497940778732
"926","wh",15,"what","gap","continuation","GPT3",14.31974
"927","wh",15,"what","gap","continuation","GRNN",21.85902094841
"928","wh",15,"what","gap","continuation","JRNN",16.8678307533264
"929","wh",15,"what","gap","continuation","LLAMA",21.2946559710947
"930","wh",15,"what","gap","continuation","NGRAM",18.9233622547386
"931","wh",15,"what","nogap","embed_obj","GPT2",7.42821705341339
"932","wh",15,"what","nogap","embed_obj","GPT3",6.42606031
"933","wh",15,"what","nogap","embed_obj","GRNN",14.5796102434396
"934","wh",15,"what","nogap","embed_obj","JRNN",13.2315692901611
"935","wh",15,"what","nogap","embed_obj","LLAMA",10.1245071277288
"936","wh",15,"what","nogap","embed_obj","NGRAM",24.1526845746059
"937","wh",16,"that","gap","continuation","GPT2",18.1824915409088
"938","wh",16,"that","gap","continuation","GPT3",19.1751451
"939","wh",16,"that","gap","continuation","GRNN",30.4705848693848
"940","wh",16,"that","gap","continuation","JRNN",26.7644424438476
"941","wh",16,"that","gap","continuation","LLAMA",22.536605136408
"942","wh",16,"that","gap","continuation","NGRAM",11.9661192488396
"943","wh",16,"that","nogap","embed_obj","GPT2",6.01571249961853
"944","wh",16,"that","nogap","embed_obj","GPT3",6.20792036
"945","wh",16,"that","nogap","embed_obj","GRNN",19.1875095367431
"946","wh",16,"that","nogap","embed_obj","JRNN",9.11985170841217
"947","wh",16,"that","nogap","embed_obj","LLAMA",7.84540398848138
"948","wh",16,"that","nogap","embed_obj","NGRAM",25.2314355578176
"949","wh",16,"what","gap","continuation","GPT2",17.5944349765778
"950","wh",16,"what","gap","continuation","GPT3",18.5680047
"951","wh",16,"what","gap","continuation","GRNN",28.7265305519104
"952","wh",16,"what","gap","continuation","JRNN",20.8797709941864
"953","wh",16,"what","gap","continuation","LLAMA",21.5368520585795
"954","wh",16,"what","gap","continuation","NGRAM",11.9661192488396
"955","wh",16,"what","nogap","embed_obj","GPT2",5.88836312294007
"956","wh",16,"what","nogap","embed_obj","GPT3",10.6582681
"957","wh",16,"what","nogap","embed_obj","GRNN",18.60409450531
"958","wh",16,"what","nogap","embed_obj","JRNN",11.2905331850052
"959","wh",16,"what","nogap","embed_obj","LLAMA",8.35546277586096
"960","wh",16,"what","nogap","embed_obj","NGRAM",25.2314355578176
"961","wh",17,"that","gap","continuation","GPT2",19.3239042758942
"962","wh",17,"that","gap","continuation","GPT3",19.6663183
"963","wh",17,"that","gap","continuation","GRNN",22.0043781399727
"964","wh",17,"that","gap","continuation","JRNN",25.6102327108383
"965","wh",17,"that","gap","continuation","LLAMA",25.8549674261834
"966","wh",17,"that","gap","continuation","NGRAM",30.9668022330057
"967","wh",17,"that","nogap","embed_obj","GPT2",10.1259574890137
"968","wh",17,"that","nogap","embed_obj","GPT3",8.8944785
"969","wh",17,"that","nogap","embed_obj","GRNN",25.4506778717041
"970","wh",17,"that","nogap","embed_obj","JRNN",17.2114124298095
"971","wh",17,"that","nogap","embed_obj","LLAMA",13.0833024885716
"972","wh",17,"that","nogap","embed_obj","NGRAM",25.6170947201196
"973","wh",17,"what","gap","continuation","GPT2",19.1491924524307
"974","wh",17,"what","gap","continuation","GPT3",20.18197697
"975","wh",17,"what","gap","continuation","GRNN",22.140149474144
"976","wh",17,"what","gap","continuation","JRNN",22.3970723748207
"977","wh",17,"what","gap","continuation","LLAMA",24.7342111526189
"978","wh",17,"what","gap","continuation","NGRAM",30.9668022330057
"979","wh",17,"what","nogap","embed_obj","GPT2",10.6325709819794
"980","wh",17,"what","nogap","embed_obj","GPT3",9.3339944
"981","wh",17,"what","nogap","embed_obj","GRNN",24.8563261032105
"982","wh",17,"what","nogap","embed_obj","JRNN",20.3783969879151
"983","wh",17,"what","nogap","embed_obj","LLAMA",12.6067466281367
"984","wh",17,"what","nogap","embed_obj","NGRAM",25.6170947201196
"985","wh",18,"that","gap","continuation","GPT2",14.0117590427399
"986","wh",18,"that","gap","continuation","GPT3",14.0153188
"987","wh",18,"that","gap","continuation","GRNN",29.9534044265747
"988","wh",18,"that","gap","continuation","JRNN",17.7842202186585
"989","wh",18,"that","gap","continuation","LLAMA",16.8688994344921
"990","wh",18,"that","gap","continuation","NGRAM",14.8846007165926
"991","wh",18,"that","nogap","embed_obj","GPT2",19.9772469997406
"992","wh",18,"that","nogap","embed_obj","GPT3",16.08728
"993","wh",18,"that","nogap","embed_obj","GRNN",31.2036552429199
"994","wh",18,"that","nogap","embed_obj","JRNN",27.3597999811172
"995","wh",18,"that","nogap","embed_obj","LLAMA",21.6881584832466
"996","wh",18,"that","nogap","embed_obj","NGRAM",37.5646137660138
"997","wh",18,"what","gap","continuation","GPT2",13.3958849906921
"998","wh",18,"what","gap","continuation","GPT3",14.306494
"999","wh",18,"what","gap","continuation","GRNN",29.402961730957
"1000","wh",18,"what","gap","continuation","JRNN",18.8782124519349
"1001","wh",18,"what","gap","continuation","LLAMA",15.7361656852612
"1002","wh",18,"what","gap","continuation","NGRAM",14.8846007165926
"1003","wh",18,"what","nogap","embed_obj","GPT2",21.0379586219787
"1004","wh",18,"what","nogap","embed_obj","GPT3",16.4229564
"1005","wh",18,"what","nogap","embed_obj","GRNN",31.5140676498413
"1006","wh",18,"what","nogap","embed_obj","JRNN",31.6980619430541
"1007","wh",18,"what","nogap","embed_obj","LLAMA",22.2608975215452
"1008","wh",18,"what","nogap","embed_obj","NGRAM",37.5646137660138
"1009","wh",19,"that","gap","continuation","GPT2",12.4789354801178
"1010","wh",19,"that","gap","continuation","GPT3",15.7580023
"1011","wh",19,"that","gap","continuation","GRNN",26.2906942367554
"1012","wh",19,"that","gap","continuation","JRNN",16.9325923919677
"1013","wh",19,"that","gap","continuation","LLAMA",22.1712743191063
"1014","wh",19,"that","gap","continuation","NGRAM",12.5475034548197
"1015","wh",19,"that","nogap","embed_obj","GPT2",11.1897718906403
"1016","wh",19,"that","nogap","embed_obj","GPT3",11.7733595
"1017","wh",19,"that","nogap","embed_obj","GRNN",17.513703584671
"1018","wh",19,"that","nogap","embed_obj","JRNN",15.8853168487549
"1019","wh",19,"that","nogap","embed_obj","LLAMA",14.672167191301
"1020","wh",19,"that","nogap","embed_obj","NGRAM",27.9849534734056
"1021","wh",19,"what","gap","continuation","GPT2",12.1310939788818
"1022","wh",19,"what","gap","continuation","GPT3",14.3334232
"1023","wh",19,"what","gap","continuation","GRNN",26.2090454101563
"1024","wh",19,"what","gap","continuation","JRNN",16.9533994197845
"1025","wh",19,"what","gap","continuation","LLAMA",19.7931927423739
"1026","wh",19,"what","gap","continuation","NGRAM",12.5475034548197
"1027","wh",19,"what","nogap","embed_obj","GPT2",11.4727063179016
"1028","wh",19,"what","nogap","embed_obj","GPT3",11.2004655
"1029","wh",19,"what","nogap","embed_obj","GRNN",17.9701261520386
"1030","wh",19,"what","nogap","embed_obj","JRNN",15.9701087474823
"1031","wh",19,"what","nogap","embed_obj","LLAMA",14.39230666726
"1032","wh",19,"what","nogap","embed_obj","NGRAM",27.9849534734056
"1033","wh",20,"that","gap","continuation","GPT2",12.8522138595581
"1034","wh",20,"that","gap","continuation","GPT3",11.309244
"1035","wh",20,"that","gap","continuation","GRNN",25.9662141799926
"1036","wh",20,"that","gap","continuation","JRNN",19.1870212554931
"1037","wh",20,"that","gap","continuation","LLAMA",16.1925344626985
"1038","wh",20,"that","gap","continuation","NGRAM",19.6348488500844
"1039","wh",20,"that","nogap","embed_obj","GPT2",7.89350938796997
"1040","wh",20,"that","nogap","embed_obj","GPT3",8.3908319
"1041","wh",20,"that","nogap","embed_obj","GRNN",15.1257319450378
"1042","wh",20,"that","nogap","embed_obj","JRNN",9.8436450958252
"1043","wh",20,"that","nogap","embed_obj","LLAMA",10.1273502949696
"1044","wh",20,"that","nogap","embed_obj","NGRAM",22.0661749500981
"1045","wh",20,"what","gap","continuation","GPT2",13.5185165405273
"1046","wh",20,"what","gap","continuation","GPT3",11.6167937
"1047","wh",20,"what","gap","continuation","GRNN",25.6746635437012
"1048","wh",20,"what","gap","continuation","JRNN",18.9362096786499
"1049","wh",20,"what","gap","continuation","LLAMA",18.8586474431427
"1050","wh",20,"what","gap","continuation","NGRAM",19.6348488500844
"1051","wh",20,"what","nogap","embed_obj","GPT2",7.9571270942688
"1052","wh",20,"what","nogap","embed_obj","GPT3",8.2451758
"1053","wh",20,"what","nogap","embed_obj","GRNN",15.0599994659424
"1054","wh",20,"what","nogap","embed_obj","JRNN",10.1765217781067
"1055","wh",20,"what","nogap","embed_obj","LLAMA",10.1744820680846
"1056","wh",20,"what","nogap","embed_obj","NGRAM",22.0661749500981
"1057","wh",21,"that","gap","continuation","GPT2",12.0803761482239
"1058","wh",21,"that","gap","continuation","GPT3",10.36029072
"1059","wh",21,"that","gap","continuation","GRNN",16.6903049945831
"1060","wh",21,"that","gap","continuation","JRNN",16.6435152292252
"1061","wh",21,"that","gap","continuation","LLAMA",16.9366026601763
"1062","wh",21,"that","gap","continuation","NGRAM",31.1512288580898
"1063","wh",21,"that","nogap","embed_obj","GPT2",6.9213891029358
"1064","wh",21,"that","nogap","embed_obj","GPT3",4.4686767
"1065","wh",21,"that","nogap","embed_obj","GRNN",8.39935111999512
"1066","wh",21,"that","nogap","embed_obj","JRNN",8.68684291839599
"1067","wh",21,"that","nogap","embed_obj","LLAMA",7.16440989826456
"1068","wh",21,"that","nogap","embed_obj","NGRAM",15.3841910496293
"1069","wh",21,"what","gap","continuation","GPT2",12.0248070657253
"1070","wh",21,"what","gap","continuation","GPT3",10.17682067
"1071","wh",21,"what","gap","continuation","GRNN",16.7312064170837
"1072","wh",21,"what","gap","continuation","JRNN",16.8663816452026
"1073","wh",21,"what","gap","continuation","LLAMA",14.7198250609522
"1074","wh",21,"what","gap","continuation","NGRAM",31.1512288580898
"1075","wh",21,"what","nogap","embed_obj","GPT2",7.45921730995178
"1076","wh",21,"what","nogap","embed_obj","GPT3",4.4508791
"1077","wh",21,"what","nogap","embed_obj","GRNN",8.17662692070008
"1078","wh",21,"what","nogap","embed_obj","JRNN",9.73007893562317
"1079","wh",21,"what","nogap","embed_obj","LLAMA",6.26802759159059
"1080","wh",21,"what","nogap","embed_obj","NGRAM",15.3841910496293
"1081","wh",22,"that","gap","continuation","GPT2",19.4614028930664
"1082","wh",22,"that","gap","continuation","GPT3",20.5416446
"1083","wh",22,"that","gap","continuation","GRNN",22.6961138248443
"1084","wh",22,"that","gap","continuation","JRNN",26.7550930976868
"1085","wh",22,"that","gap","continuation","LLAMA",31.5155582176788
"1086","wh",22,"that","gap","continuation","NGRAM",35.2426138951214
"1087","wh",22,"that","nogap","embed_obj","GPT2",14.4107398986816
"1088","wh",22,"that","nogap","embed_obj","GPT3",16.2637982
"1089","wh",22,"that","nogap","embed_obj","GRNN",16.2335147857666
"1090","wh",22,"that","nogap","embed_obj","JRNN",15.4581823348999
"1091","wh",22,"that","nogap","embed_obj","LLAMA",20.3538228699198
"1092","wh",22,"that","nogap","embed_obj","NGRAM",34.3714002456207
"1093","wh",22,"what","gap","continuation","GPT2",19.1080183982849
"1094","wh",22,"what","gap","continuation","GPT3",19.1978257
"1095","wh",22,"what","gap","continuation","GRNN",23.4243359565735
"1096","wh",22,"what","gap","continuation","JRNN",27.5400896072388
"1097","wh",22,"what","gap","continuation","LLAMA",29.3769055537729
"1098","wh",22,"what","gap","continuation","NGRAM",35.2426138951214
"1099","wh",22,"what","nogap","embed_obj","GPT2",14.5244369506836
"1100","wh",22,"what","nogap","embed_obj","GPT3",15.4496425
"1101","wh",22,"what","nogap","embed_obj","GRNN",16.2273054122925
"1102","wh",22,"what","nogap","embed_obj","JRNN",15.4379968643189
"1103","wh",22,"what","nogap","embed_obj","LLAMA",20.7183561044917
"1104","wh",22,"what","nogap","embed_obj","NGRAM",34.3714002456207
"1105","wh",23,"that","gap","continuation","GPT2",11.172324180603
"1106","wh",23,"that","gap","continuation","GPT3",8.4526058
"1107","wh",23,"that","gap","continuation","GRNN",23.1575994491577
"1108","wh",23,"that","gap","continuation","JRNN",14.1141562461853
"1109","wh",23,"that","gap","continuation","LLAMA",16.5630960941093
"1110","wh",23,"that","gap","continuation","NGRAM",13.4097536841388
"1111","wh",23,"that","nogap","embed_obj","GPT2",9.13791620731354
"1112","wh",23,"that","nogap","embed_obj","GPT3",8.3831843
"1113","wh",23,"that","nogap","embed_obj","GRNN",15.3572313785553
"1114","wh",23,"that","nogap","embed_obj","JRNN",13.6496345996857
"1115","wh",23,"that","nogap","embed_obj","LLAMA",10.1346193538735
"1116","wh",23,"that","nogap","embed_obj","NGRAM",32.9274931406492
"1117","wh",23,"what","gap","continuation","GPT2",11.1132032871246
"1118","wh",23,"what","gap","continuation","GPT3",13.011712
"1119","wh",23,"what","gap","continuation","GRNN",22.1223659515381
"1120","wh",23,"what","gap","continuation","JRNN",13.227058172226
"1121","wh",23,"what","gap","continuation","LLAMA",18.9032645684962
"1122","wh",23,"what","gap","continuation","NGRAM",13.4097536841388
"1123","wh",23,"what","nogap","embed_obj","GPT2",9.29808378219605
"1124","wh",23,"what","nogap","embed_obj","GPT3",9.7602527
"1125","wh",23,"what","nogap","embed_obj","GRNN",15.6739048957825
"1126","wh",23,"what","nogap","embed_obj","JRNN",15.4418730735779
"1127","wh",23,"what","nogap","embed_obj","LLAMA",13.6770852866533
"1128","wh",23,"what","nogap","embed_obj","NGRAM",32.9274931406492
"1129","wh",24,"that","gap","continuation","GPT2",12.3039728403092
"1130","wh",24,"that","gap","continuation","GPT3",11.7362528
"1131","wh",24,"that","gap","continuation","GRNN",17.8877863883972
"1132","wh",24,"that","gap","continuation","JRNN",21.4962368011475
"1133","wh",24,"that","gap","continuation","LLAMA",17.0944075124416
"1134","wh",24,"that","gap","continuation","NGRAM",24.3777027097541
"1135","wh",24,"that","nogap","embed_obj","GPT2",2.75139021873474
"1136","wh",24,"that","nogap","embed_obj","GPT3",2.9864044
"1137","wh",24,"that","nogap","embed_obj","GRNN",6.88121557235718
"1138","wh",24,"that","nogap","embed_obj","JRNN",4.52002882957459
"1139","wh",24,"that","nogap","embed_obj","LLAMA",3.4118418232698
"1140","wh",24,"that","nogap","embed_obj","NGRAM",13.7028224422861
"1141","wh",24,"what","gap","continuation","GPT2",11.568660736084
"1142","wh",24,"what","gap","continuation","GPT3",12.3368387
"1143","wh",24,"what","gap","continuation","GRNN",18.20969414711
"1144","wh",24,"what","gap","continuation","JRNN",22.5200896263122
"1145","wh",24,"what","gap","continuation","LLAMA",15.8180333260026
"1146","wh",24,"what","gap","continuation","NGRAM",24.3777027097541
"1147","wh",24,"what","nogap","embed_obj","GPT2",2.62346732616425
"1148","wh",24,"what","nogap","embed_obj","GPT3",2.8075859
"1149","wh",24,"what","nogap","embed_obj","GRNN",7.24593830108643
"1150","wh",24,"what","nogap","embed_obj","JRNN",4.81510210037231
"1151","wh",24,"what","nogap","embed_obj","LLAMA",3.42026346052354
"1152","wh",24,"what","nogap","embed_obj","NGRAM",13.7028224422861
